method,"(k,l)",mean_error,std_error,max_error,min_error,median_error,failed,time_to_compute_one_position
SC,"(11, 7)",13.565764911792108,13.487783951153325,79.35602142477775,5.587935447692871e-09,9.25080466466237,4.05,48.06
UC,"(7, 16)",10.994417649650885,10.58091580369328,79.96671563285695,2.7939677238464355e-09,8.042155825015792,9.18,48.62
VT,"(11, 0.64)",11.172852859506001,10.447854641996985,68.2498005359844,6.51925802230835e-09,8.218957045886238,9.63,64.25
SECU,"(7, 16)",10.829074267046925,10.606029561891319,79.96671563285695,2.7939677238464355e-09,7.815861338329124,16.74,51.45
